[{"id":"TASK-1","content":"Analyze current design and identify optimization areas based on web-design-optimization guidelines","status":"completed","priority":"high"},{"id":"TASK-2","content":"Search and replace placeholder content with authentic Arabic educational/career imagery","status":"completed","priority":"high"},{"id":"TASK-3","content":"Implement scroll-triggered animations using Framer Motion","status":"completed","priority":"high"},{"id":"TASK-4","content":"Enhance typography hierarchy with dramatic size contrasts","status":"completed","priority":"medium"},{"id":"TASK-5","content":"Add sophisticated hover micro-interactions throughout","status":"completed","priority":"medium"},{"id":"TASK-6","content":"Build and verify all optimizations","status":"completed","priority":"low"}]